Id,Pawpularity
WechatIMG825.JPG,38.787560
IMG_0972.JPG,36.999512
WechatIMG826.JPG,36.663284
IMG_0973.JPG,36.361679
IMG_0975.JPG,35.304672
IMG_0979.JPG,35.084366
IMG_0985.JPG,34.939392
WechatIMG823.JPG,34.788887
IMG_0974.JPG,34.777149
IMG_0982.JPG,34.232239
IMG_0983.JPG,34.030384
IMG_0980.JPG,33.744762
IMG_0984.JPG,33.620270
IMG_0981.JPG,33.422684
WechatIMG824.JPG,32.284573